{"cameraMode":{"drawMode":0,"name":"Shaded","section":"Shading Mode"},"sceneLighting":true,"audioPlay":false,"sceneViewState":{"showFog":true,"showMaterialUpdate":false,"showSkybox":false,"showFlares":true,"showImageEffects":true,"showParticleSystems":true},"in2DMode":false,"pivot":{"x":-10.48995304107666,"y":1.1590476036071778,"z":-6.100934028625488},"rotation":{"x":-0.044734034687280658,"y":-0.9492342472076416,"z":0.15836802124977113,"w":-0.2682298421859741},"size":12.12435531616211,"orthographic":false}