{"cameraMode":{"drawMode":0,"name":"Shaded","section":"Shading Mode"},"sceneLighting":false,"audioPlay":false,"sceneViewState":{"showFog":true,"showMaterialUpdate":false,"showSkybox":false,"showFlares":true,"showImageEffects":true,"showParticleSystems":true},"in2DMode":false,"pivot":{"x":0.0,"y":1.059999942779541,"z":0.8389999866485596},"rotation":{"x":0.0037191929295659067,"y":-0.9919623732566834,"z":0.12294283509254456,"w":0.030058715492486955},"size":0.34641021490097048,"orthographic":false}