{"cameraMode":{"drawMode":0,"name":"Shaded","section":"Shading Mode"},"sceneLighting":false,"audioPlay":false,"sceneViewState":{"showFog":true,"showMaterialUpdate":false,"showSkybox":false,"showFlares":true,"showImageEffects":true,"showParticleSystems":true},"in2DMode":false,"pivot":{"x":33.07227325439453,"y":1.134839653968811,"z":0.6697021722793579},"rotation":{"x":-0.1154821440577507,"y":-0.6904674172401428,"z":0.11304283887147904,"w":-0.7051082253456116},"size":2.093939781188965,"orthographic":false}